{
  "Total" : {
    "transaction" : "Total",
    "sampleCount" : 1000,
    "errorCount" : 0,
    "errorPct" : 0.0,
    "meanResTime" : 3108.4209999999985,
    "medianResTime" : 4233.0,
    "minResTime" : 25.0,
    "maxResTime" : 5118.0,
    "pct1ResTime" : 4894.5,
    "pct2ResTime" : 5017.849999999999,
    "pct3ResTime" : 5096.98,
    "throughput" : 194.17475728155338,
    "receivedKBytesPerSec" : 163.45570388349515,
    "sentKBytesPerSec" : 119.65260922330096
  },
  "Dropdown รายชื่อทะเบียนบุคคลในหน่วยบริการ" : {
    "transaction" : "Dropdown รายชื่อทะเบียนบุคคลในหน่วยบริการ",
    "sampleCount" : 1000,
    "errorCount" : 0,
    "errorPct" : 0.0,
    "meanResTime" : 3108.4209999999985,
    "medianResTime" : 4233.0,
    "minResTime" : 25.0,
    "maxResTime" : 5118.0,
    "pct1ResTime" : 4894.5,
    "pct2ResTime" : 5017.849999999999,
    "pct3ResTime" : 5096.98,
    "throughput" : 194.17475728155338,
    "receivedKBytesPerSec" : 163.45570388349515,
    "sentKBytesPerSec" : 119.65260922330096
  }
}