{
  "เพิ่มทะเบียนบุคคลด้วย Excel" : {
    "transaction" : "เพิ่มทะเบียนบุคคลด้วย Excel",
    "sampleCount" : 1250,
    "errorCount" : 5,
    "errorPct" : 0.4,
    "meanResTime" : 7134.090399999998,
    "medianResTime" : 7050.5,
    "minResTime" : 118.0,
    "maxResTime" : 39118.0,
    "pct1ResTime" : 10842.8,
    "pct2ResTime" : 11286.9,
    "pct3ResTime" : 13954.31,
    "throughput" : 31.6640068900879,
    "receivedKBytesPerSec" : 21.573454756883756,
    "sentKBytesPerSec" : 13296.008791511515
  },
  "Total" : {
    "transaction" : "Total",
    "sampleCount" : 1250,
    "errorCount" : 5,
    "errorPct" : 0.4,
    "meanResTime" : 7134.090399999998,
    "medianResTime" : 7050.5,
    "minResTime" : 118.0,
    "maxResTime" : 39118.0,
    "pct1ResTime" : 10842.8,
    "pct2ResTime" : 11286.9,
    "pct3ResTime" : 13954.31,
    "throughput" : 31.6640068900879,
    "receivedKBytesPerSec" : 21.573454756883756,
    "sentKBytesPerSec" : 13296.008791511515
  }
}