{
  "Total" : {
    "transaction" : "Total",
    "sampleCount" : 1000,
    "errorCount" : 0,
    "errorPct" : 0.0,
    "meanResTime" : 2169.702999999998,
    "medianResTime" : 2425.5,
    "minResTime" : 25.0,
    "maxResTime" : 3367.0,
    "pct1ResTime" : 3029.9,
    "pct2ResTime" : 3121.95,
    "pct3ResTime" : 3297.76,
    "throughput" : 293.8583602703497,
    "receivedKBytesPerSec" : 247.36904936820451,
    "sentKBytesPerSec" : 181.07873567440492
  },
  "Dropdown รายชื่อทะเบียนบุคคลในหน่วยบริการ" : {
    "transaction" : "Dropdown รายชื่อทะเบียนบุคคลในหน่วยบริการ",
    "sampleCount" : 1000,
    "errorCount" : 0,
    "errorPct" : 0.0,
    "meanResTime" : 2169.702999999998,
    "medianResTime" : 2425.5,
    "minResTime" : 25.0,
    "maxResTime" : 3367.0,
    "pct1ResTime" : 3029.9,
    "pct2ResTime" : 3121.95,
    "pct3ResTime" : 3297.76,
    "throughput" : 293.8583602703497,
    "receivedKBytesPerSec" : 247.36904936820451,
    "sentKBytesPerSec" : 181.07873567440492
  }
}