{
  "Total" : {
    "transaction" : "Total",
    "sampleCount" : 1500,
    "errorCount" : 0,
    "errorPct" : 0.0,
    "meanResTime" : 1738.3346666666664,
    "medianResTime" : 1930.0,
    "minResTime" : 24.0,
    "maxResTime" : 4310.0,
    "pct1ResTime" : 3540.9,
    "pct2ResTime" : 3715.0,
    "pct3ResTime" : 4114.97,
    "throughput" : 339.3665158371041,
    "receivedKBytesPerSec" : 285.6776725113122,
    "sentKBytesPerSec" : 209.1213588800905
  },
  "Dropdown รายชื่อทะเบียนบุคคลในหน่วยบริการ" : {
    "transaction" : "Dropdown รายชื่อทะเบียนบุคคลในหน่วยบริการ",
    "sampleCount" : 1500,
    "errorCount" : 0,
    "errorPct" : 0.0,
    "meanResTime" : 1738.3346666666664,
    "medianResTime" : 1930.0,
    "minResTime" : 24.0,
    "maxResTime" : 4310.0,
    "pct1ResTime" : 3540.9,
    "pct2ResTime" : 3715.0,
    "pct3ResTime" : 4114.97,
    "throughput" : 339.3665158371041,
    "receivedKBytesPerSec" : 285.6776725113122,
    "sentKBytesPerSec" : 209.1213588800905
  }
}