{
  "Total" : {
    "transaction" : "Total",
    "sampleCount" : 1000,
    "errorCount" : 0,
    "errorPct" : 0.0,
    "meanResTime" : 4687.966,
    "medianResTime" : 4936.0,
    "minResTime" : 177.0,
    "maxResTime" : 9880.0,
    "pct1ResTime" : 7784.3,
    "pct2ResTime" : 8297.85,
    "pct3ResTime" : 9286.11,
    "throughput" : 100.95911155981828,
    "receivedKBytesPerSec" : 453.034294548208,
    "sentKBytesPerSec" : 49.7894056032307
  },
  "Dashboard แสดงภาพรวมสุขภาพแต่ละแบบประเมิน" : {
    "transaction" : "Dashboard แสดงภาพรวมสุขภาพแต่ละแบบประเมิน",
    "sampleCount" : 1000,
    "errorCount" : 0,
    "errorPct" : 0.0,
    "meanResTime" : 4687.966,
    "medianResTime" : 4936.0,
    "minResTime" : 177.0,
    "maxResTime" : 9880.0,
    "pct1ResTime" : 7784.3,
    "pct2ResTime" : 8297.85,
    "pct3ResTime" : 9286.11,
    "throughput" : 100.95911155981828,
    "receivedKBytesPerSec" : 453.034294548208,
    "sentKBytesPerSec" : 49.7894056032307
  }
}