{
  "เพิ่มทะเบียนบุคคลด้วย Excel" : {
    "transaction" : "เพิ่มทะเบียนบุคคลด้วย Excel",
    "sampleCount" : 1000,
    "errorCount" : 0,
    "errorPct" : 0.0,
    "meanResTime" : 7881.007000000008,
    "medianResTime" : 9683.0,
    "minResTime" : 122.0,
    "maxResTime" : 14926.0,
    "pct1ResTime" : 11032.4,
    "pct2ResTime" : 11438.699999999999,
    "pct3ResTime" : 14606.89,
    "throughput" : 66.80472977486806,
    "receivedKBytesPerSec" : 44.949666811410246,
    "sentKBytesPerSec" : 28114.468403972376
  },
  "Total" : {
    "transaction" : "Total",
    "sampleCount" : 1000,
    "errorCount" : 0,
    "errorPct" : 0.0,
    "meanResTime" : 7881.007000000008,
    "medianResTime" : 9683.0,
    "minResTime" : 122.0,
    "maxResTime" : 14926.0,
    "pct1ResTime" : 11032.4,
    "pct2ResTime" : 11438.699999999999,
    "pct3ResTime" : 14606.89,
    "throughput" : 66.80472977486806,
    "receivedKBytesPerSec" : 44.949666811410246,
    "sentKBytesPerSec" : 28114.468403972376
  }
}