{
  "HTTP Request-3" : {
    "transaction" : "HTTP Request-3",
    "sampleCount" : 927,
    "errorCount" : 0,
    "errorPct" : 0.0,
    "meanResTime" : 391.57281553398025,
    "medianResTime" : 395.0,
    "minResTime" : 236.0,
    "maxResTime" : 598.0,
    "pct1ResTime" : 509.0,
    "pct2ResTime" : 525.0,
    "pct3ResTime" : 540.0,
    "throughput" : 81.64523515941518,
    "receivedKBytesPerSec" : 93.36579137858905,
    "sentKBytesPerSec" : 50.0714918751101
  },
  "HTTP Request-16" : {
    "transaction" : "HTTP Request-16",
    "sampleCount" : 927,
    "errorCount" : 0,
    "errorPct" : 0.0,
    "meanResTime" : 389.9137001078752,
    "medianResTime" : 390.0,
    "minResTime" : 235.0,
    "maxResTime" : 755.0,
    "pct1ResTime" : 510.0,
    "pct2ResTime" : 525.0,
    "pct3ResTime" : 542.72,
    "throughput" : 80.75616342887011,
    "receivedKBytesPerSec" : 101.02406772693615,
    "sentKBytesPerSec" : 32.88605483382699
  },
  "HTTP Request-2" : {
    "transaction" : "HTTP Request-2",
    "sampleCount" : 927,
    "errorCount" : 0,
    "errorPct" : 0.0,
    "meanResTime" : 1028.6763754045303,
    "medianResTime" : 203.0,
    "minResTime" : 104.0,
    "maxResTime" : 7250.0,
    "pct1ResTime" : 3163.600000000001,
    "pct2ResTime" : 4168.599999999999,
    "pct3ResTime" : 6201.520000000001,
    "throughput" : 83.64161328160246,
    "receivedKBytesPerSec" : 112.9651866879455,
    "sentKBytesPerSec" : 45.98655105228729
  },
  "HTTP Request-15" : {
    "transaction" : "HTTP Request-15",
    "sampleCount" : 927,
    "errorCount" : 0,
    "errorPct" : 0.0,
    "meanResTime" : 388.4627831715208,
    "medianResTime" : 389.0,
    "minResTime" : 234.0,
    "maxResTime" : 600.0,
    "pct1ResTime" : 510.0,
    "pct2ResTime" : 522.5999999999999,
    "pct3ResTime" : 535.0,
    "throughput" : 80.6086956521739,
    "receivedKBytesPerSec" : 92.18045176630434,
    "sentKBytesPerSec" : 49.43580163043478
  },
  "HTTP Request-5" : {
    "transaction" : "HTTP Request-5",
    "sampleCount" : 927,
    "errorCount" : 0,
    "errorPct" : 0.0,
    "meanResTime" : 37.94822006472489,
    "medianResTime" : 35.0,
    "minResTime" : 31.0,
    "maxResTime" : 285.0,
    "pct1ResTime" : 44.0,
    "pct2ResTime" : 51.0,
    "pct3ResTime" : 82.0,
    "throughput" : 83.43083430834308,
    "receivedKBytesPerSec" : 112.6805115707407,
    "sentKBytesPerSec" : 45.87066378476285
  },
  "HTTP Request-14" : {
    "transaction" : "HTTP Request-14",
    "sampleCount" : 927,
    "errorCount" : 0,
    "errorPct" : 0.0,
    "meanResTime" : 36.11003236245956,
    "medianResTime" : 35.0,
    "minResTime" : 32.0,
    "maxResTime" : 379.0,
    "pct1ResTime" : 38.0,
    "pct2ResTime" : 42.0,
    "pct3ResTime" : 57.440000000000055,
    "throughput" : 83.6491608012994,
    "receivedKBytesPerSec" : 112.9753802619112,
    "sentKBytesPerSec" : 45.990700713995665
  },
  "HTTP Request-4" : {
    "transaction" : "HTTP Request-4",
    "sampleCount" : 927,
    "errorCount" : 0,
    "errorPct" : 0.0,
    "meanResTime" : 385.1370010787486,
    "medianResTime" : 383.0,
    "minResTime" : 237.0,
    "maxResTime" : 548.0,
    "pct1ResTime" : 506.0,
    "pct2ResTime" : 519.0,
    "pct3ResTime" : 533.0,
    "throughput" : 80.8971114407889,
    "receivedKBytesPerSec" : 101.20039038637752,
    "sentKBytesPerSec" : 32.943452608211885
  },
  "HTTP Request-13" : {
    "transaction" : "HTTP Request-13",
    "sampleCount" : 927,
    "errorCount" : 0,
    "errorPct" : 0.0,
    "meanResTime" : 387.53613807982754,
    "medianResTime" : 390.0,
    "minResTime" : 236.0,
    "maxResTime" : 573.0,
    "pct1ResTime" : 506.20000000000005,
    "pct2ResTime" : 521.5999999999999,
    "pct3ResTime" : 535.44,
    "throughput" : 81.59493002376551,
    "receivedKBytesPerSec" : 102.07334507855822,
    "sentKBytesPerSec" : 33.22762287100607
  },
  "HTTP Request-19" : {
    "transaction" : "HTTP Request-19",
    "sampleCount" : 927,
    "errorCount" : 0,
    "errorPct" : 0.0,
    "meanResTime" : 385.39697950377564,
    "medianResTime" : 386.0,
    "minResTime" : 235.0,
    "maxResTime" : 789.0,
    "pct1ResTime" : 509.0,
    "pct2ResTime" : 522.0,
    "pct3ResTime" : 538.0,
    "throughput" : 77.97123391370174,
    "receivedKBytesPerSec" : 97.54018617524603,
    "sentKBytesPerSec" : 31.751957560560182
  },
  "HTTP Request-1" : {
    "transaction" : "HTTP Request-1",
    "sampleCount" : 1278,
    "errorCount" : 2,
    "errorPct" : 0.15649453,
    "meanResTime" : 3110.6791862284817,
    "medianResTime" : 2000.5,
    "minResTime" : 320.0,
    "maxResTime" : 13173.0,
    "pct1ResTime" : 7399.700000000001,
    "pct2ResTime" : 9897.35,
    "pct3ResTime" : 11760.150000000001,
    "throughput" : 86.95652173913044,
    "receivedKBytesPerSec" : 15968.985353090768,
    "sentKBytesPerSec" : 35.355589150847116
  },
  "HTTP Request-18" : {
    "transaction" : "HTTP Request-18",
    "sampleCount" : 927,
    "errorCount" : 0,
    "errorPct" : 0.0,
    "meanResTime" : 388.38403451995646,
    "medianResTime" : 384.0,
    "minResTime" : 235.0,
    "maxResTime" : 570.0,
    "pct1ResTime" : 507.0,
    "pct2ResTime" : 522.0,
    "pct3ResTime" : 535.72,
    "throughput" : 79.7899810638664,
    "receivedKBytesPerSec" : 91.24420686112067,
    "sentKBytesPerSec" : 48.93369932432432
  },
  "HTTP Request-0" : {
    "transaction" : "HTTP Request-0",
    "sampleCount" : 1278,
    "errorCount" : 0,
    "errorPct" : 0.0,
    "meanResTime" : 9178.860719874781,
    "medianResTime" : 9564.0,
    "minResTime" : 118.0,
    "maxResTime" : 19984.0,
    "pct1ResTime" : 15299.700000000004,
    "pct2ResTime" : 17245.1,
    "pct3ResTime" : 19035.440000000017,
    "throughput" : 55.80055014626905,
    "receivedKBytesPerSec" : 67.30269369733223,
    "sentKBytesPerSec" : 22.505495322665155
  },
  "HTTP Request-17" : {
    "transaction" : "HTTP Request-17",
    "sampleCount" : 927,
    "errorCount" : 0,
    "errorPct" : 0.0,
    "meanResTime" : 38.56957928802583,
    "medianResTime" : 35.0,
    "minResTime" : 31.0,
    "maxResTime" : 152.0,
    "pct1ResTime" : 52.0,
    "pct2ResTime" : 58.0,
    "pct3ResTime" : 69.44000000000005,
    "throughput" : 82.65715559518502,
    "receivedKBytesPerSec" : 111.63559198060634,
    "sentKBytesPerSec" : 45.44529160164958
  },
  "HTTP Request-12" : {
    "transaction" : "HTTP Request-12",
    "sampleCount" : 927,
    "errorCount" : 0,
    "errorPct" : 0.0,
    "meanResTime" : 384.1294498381877,
    "medianResTime" : 381.0,
    "minResTime" : 236.0,
    "maxResTime" : 761.0,
    "pct1ResTime" : 507.0,
    "pct2ResTime" : 521.0,
    "pct3ResTime" : 536.72,
    "throughput" : 79.95514921511126,
    "receivedKBytesPerSec" : 91.43308567470244,
    "sentKBytesPerSec" : 49.03499385457996
  },
  "HTTP Request-11" : {
    "transaction" : "HTTP Request-11",
    "sampleCount" : 927,
    "errorCount" : 0,
    "errorPct" : 0.0,
    "meanResTime" : 35.8727076591155,
    "medianResTime" : 35.0,
    "minResTime" : 31.0,
    "maxResTime" : 85.0,
    "pct1ResTime" : 38.0,
    "pct2ResTime" : 43.0,
    "pct3ResTime" : 57.72000000000003,
    "throughput" : 83.09429903191108,
    "receivedKBytesPerSec" : 112.22599175891897,
    "sentKBytesPerSec" : 45.68563511227142
  },
  "HTTP Request-10" : {
    "transaction" : "HTTP Request-10",
    "sampleCount" : 927,
    "errorCount" : 0,
    "errorPct" : 0.0,
    "meanResTime" : 389.4368932038832,
    "medianResTime" : 392.0,
    "minResTime" : 238.0,
    "maxResTime" : 556.0,
    "pct1ResTime" : 509.0,
    "pct2ResTime" : 524.5999999999999,
    "pct3ResTime" : 534.0,
    "throughput" : 81.40147523709167,
    "receivedKBytesPerSec" : 101.83133767452581,
    "sentKBytesPerSec" : 33.14884294322972
  },
  "HTTP Request-21" : {
    "transaction" : "HTTP Request-21",
    "sampleCount" : 927,
    "errorCount" : 927,
    "errorPct" : 100.0,
    "meanResTime" : 38.81014023732472,
    "medianResTime" : 35.0,
    "minResTime" : 31.0,
    "maxResTime" : 369.0,
    "pct1ResTime" : 51.0,
    "pct2ResTime" : 59.0,
    "pct3ResTime" : 87.16000000000008,