{
  "Total" : {
    "transaction" : "Total",
    "sampleCount" : 1,
    "errorCount" : 0,
    "errorPct" : 0.0,
    "meanResTime" : 473.0,
    "medianResTime" : 473.0,
    "minResTime" : 473.0,
    "maxResTime" : 473.0,
    "pct1ResTime" : 473.0,
    "pct2ResTime" : 473.0,
    "pct3ResTime" : 473.0,
    "throughput" : 2.1141649048625792,
    "receivedKBytesPerSec" : 1.4472945295983088,
    "sentKBytesPerSec" : 1.1004393498942917
  },
  "สร้าง Visit" : {
    "transaction" : "สร้าง Visit",
    "sampleCount" : 1,
    "errorCount" : 0,
    "errorPct" : 0.0,
    "meanResTime" : 473.0,
    "medianResTime" : 473.0,
    "minResTime" : 473.0,
    "maxResTime" : 473.0,
    "pct1ResTime" : 473.0,
    "pct2ResTime" : 473.0,
    "pct3ResTime" : 473.0,
    "throughput" : 2.1141649048625792,
    "receivedKBytesPerSec" : 1.4472945295983088,
    "sentKBytesPerSec" : 1.1004393498942917
  }
}