{
  "Total" : {
    "transaction" : "Total",
    "sampleCount" : 1875,
    "errorCount" : 0,
    "errorPct" : 0.0,
    "meanResTime" : 5736.84266666668,
    "medianResTime" : 6214.0,
    "minResTime" : 234.0,
    "maxResTime" : 8314.0,
    "pct1ResTime" : 7573.6,
    "pct2ResTime" : 7825.4,
    "pct3ResTime" : 8133.52,
    "throughput" : 224.20184144445773,
    "receivedKBytesPerSec" : 844.8489393384551,
    "sentKBytesPerSec" : 99.83988251823509
  },
  "ดึงข้อมูลการนัดหมายอบรมในหน่วยบริการ" : {
    "transaction" : "ดึงข้อมูลการนัดหมายอบรมในหน่วยบริการ",
    "sampleCount" : 1875,
    "errorCount" : 0,
    "errorPct" : 0.0,
    "meanResTime" : 5736.84266666668,
    "medianResTime" : 6214.0,
    "minResTime" : 234.0,
    "maxResTime" : 8314.0,
    "pct1ResTime" : 7573.6,
    "pct2ResTime" : 7825.4,
    "pct3ResTime" : 8133.52,
    "throughput" : 224.20184144445773,
    "receivedKBytesPerSec" : 844.8489393384551,
    "sentKBytesPerSec" : 99.83988251823509
  }
}