{
  "เพิ่มทะเบียนบุคคลด้วย Excel" : {
    "transaction" : "เพิ่มทะเบียนบุคคลด้วย Excel",
    "sampleCount" : 1000,
    "errorCount" : 38,
    "errorPct" : 3.8,
    "meanResTime" : 16227.100000000002,
    "medianResTime" : 15645.0,
    "minResTime" : 9773.0,
    "maxResTime" : 19627.0,
    "pct1ResTime" : 18780.0,
    "pct2ResTime" : 19121.75,
    "pct3ResTime" : 19555.95,
    "throughput" : 50.90612909794339,
    "receivedKBytesPerSec" : 33.941761002087155,
    "sentKBytesPerSec" : 21461.802755055618
  },
  "Total" : {
    "transaction" : "Total",
    "sampleCount" : 1000,
    "errorCount" : 38,
    "errorPct" : 3.8,
    "meanResTime" : 16227.100000000002,
    "medianResTime" : 15645.0,
    "minResTime" : 9773.0,
    "maxResTime" : 19627.0,
    "pct1ResTime" : 18780.0,
    "pct2ResTime" : 19121.75,
    "pct3ResTime" : 19555.95,
    "throughput" : 50.90612909794339,
    "receivedKBytesPerSec" : 33.941761002087155,
    "sentKBytesPerSec" : 21461.802755055618
  }
}