{
  "เพิ่มทะเบียนบุคคลด้วย Excel" : {
    "transaction" : "เพิ่มทะเบียนบุคคลด้วย Excel",
    "sampleCount" : 1000,
    "errorCount" : 151,
    "errorPct" : 15.1,
    "meanResTime" : 6557.267999999999,
    "medianResTime" : 6351.0,
    "minResTime" : 10.0,
    "maxResTime" : 16670.0,
    "pct1ResTime" : 14398.4,
    "pct2ResTime" : 14830.95,
    "pct3ResTime" : 15844.68,
    "throughput" : 59.189109203906476,
    "receivedKBytesPerSec" : 70.34706551494526,
    "sentKBytesPerSec" : 21185.842242527375
  },
  "Total" : {
    "transaction" : "Total",
    "sampleCount" : 1000,
    "errorCount" : 151,
    "errorPct" : 15.1,
    "meanResTime" : 6557.267999999999,
    "medianResTime" : 6351.0,
    "minResTime" : 10.0,
    "maxResTime" : 16670.0,
    "pct1ResTime" : 14398.4,
    "pct2ResTime" : 14830.95,
    "pct3ResTime" : 15844.68,
    "throughput" : 59.189109203906476,
    "receivedKBytesPerSec" : 70.34706551494526,
    "sentKBytesPerSec" : 21185.842242527375
  }
}