{
  "Total" : {
    "transaction" : "Total",
    "sampleCount" : 1000,
    "errorCount" : 1000,
    "errorPct" : 100.0,
    "meanResTime" : 31586.460999999985,
    "medianResTime" : 31830.5,
    "minResTime" : 30017.0,
    "maxResTime" : 32942.0,
    "pct1ResTime" : 32624.6,
    "pct2ResTime" : 32760.0,
    "pct3ResTime" : 32910.95,
    "throughput" : 30.3425675880693,
    "receivedKBytesPerSec" : 62.55191423673271,
    "sentKBytesPerSec" : 0.0
  },
  "Dropdown รายชื่อทะเบียนบุคคลในหน่วยบริการ" : {
    "transaction" : "Dropdown รายชื่อทะเบียนบุคคลในหน่วยบริการ",
    "sampleCount" : 1000,
    "errorCount" : 1000,
    "errorPct" : 100.0,
    "meanResTime" : 31586.460999999985,
    "medianResTime" : 31830.5,
    "minResTime" : 30017.0,
    "maxResTime" : 32942.0,
    "pct1ResTime" : 32624.6,
    "pct2ResTime" : 32760.0,
    "pct3ResTime" : 32910.95,
    "throughput" : 30.3425675880693,
    "receivedKBytesPerSec" : 62.55191423673271,
    "sentKBytesPerSec" : 0.0
  }
}