{
  "Total" : {
    "transaction" : "Total",
    "sampleCount" : 1250,
    "errorCount" : 0,
    "errorPct" : 0.0,
    "meanResTime" : 4412.320799999996,
    "medianResTime" : 4857.0,
    "minResTime" : 600.0,
    "maxResTime" : 6285.0,
    "pct1ResTime" : 5683.8,
    "pct2ResTime" : 5834.45,
    "pct3ResTime" : 6117.96,
    "throughput" : 195.46520719311962,
    "receivedKBytesPerSec" : 1130.4149970680219,
    "sentKBytesPerSec" : 87.04310007818609
  },
  "ดึงข้อมูลการส่งตัวภายในระบบ NCDs" : {
    "transaction" : "ดึงข้อมูลการส่งตัวภายในระบบ NCDs",
    "sampleCount" : 1250,
    "errorCount" : 0,
    "errorPct" : 0.0,
    "meanResTime" : 4412.320799999996,
    "medianResTime" : 4857.0,
    "minResTime" : 600.0,
    "maxResTime" : 6285.0,
    "pct1ResTime" : 5683.8,
    "pct2ResTime" : 5834.45,
    "pct3ResTime" : 6117.96,
    "throughput" : 195.46520719311962,
    "receivedKBytesPerSec" : 1130.4149970680219,
    "sentKBytesPerSec" : 87.04310007818609
  }
}