{
  "เพิ่มทะเบียนบุคคลด้วย Excel" : {
    "transaction" : "เพิ่มทะเบียนบุคคลด้วย Excel",
    "sampleCount" : 1000,
    "errorCount" : 986,
    "errorPct" : 98.6,
    "meanResTime" : 2267.578999999999,
    "medianResTime" : 2225.0,
    "minResTime" : 564.0,
    "maxResTime" : 10010.0,
    "pct1ResTime" : 2776.0,
    "pct2ResTime" : 2959.85,
    "pct3ResTime" : 9148.85,
    "throughput" : 97.34254842791785,
    "receivedKBytesPerSec" : 392.14692793001075,
    "sentKBytesPerSec" : 573.5258497700282
  },
  "Total" : {
    "transaction" : "Total",
    "sampleCount" : 1000,
    "errorCount" : 986,
    "errorPct" : 98.6,
    "meanResTime" : 2267.578999999999,
    "medianResTime" : 2225.0,
    "minResTime" : 564.0,
    "maxResTime" : 10010.0,
    "pct1ResTime" : 2776.0,
    "pct2ResTime" : 2959.85,
    "pct3ResTime" : 9148.85,
    "throughput" : 97.34254842791785,
    "receivedKBytesPerSec" : 392.14692793001075,
    "sentKBytesPerSec" : 573.5258497700282
  }
}