{
  "ดึงข้อมูล Visit รายบุคคล" : {
    "transaction" : "ดึงข้อมูล Visit รายบุคคล",
    "sampleCount" : 1000,
    "errorCount" : 0,
    "errorPct" : 0.0,
    "meanResTime" : 2246.0819999999994,
    "medianResTime" : 2365.5,
    "minResTime" : 25.0,
    "maxResTime" : 3703.0,
    "pct1ResTime" : 3548.6,
    "pct2ResTime" : 3638.85,
    "pct3ResTime" : 3680.99,
    "throughput" : 268.6727565824825,
    "receivedKBytesPerSec" : 308.81624462654486,
    "sentKBytesPerSec" : 128.30173629768942
  },
  "Total" : {
    "transaction" : "Total",
    "sampleCount" : 1000,
    "errorCount" : 0,
    "errorPct" : 0.0,
    "meanResTime" : 2246.0819999999994,
    "medianResTime" : 2365.5,
    "minResTime" : 25.0,
    "maxResTime" : 3703.0,
    "pct1ResTime" : 3548.6,
    "pct2ResTime" : 3638.85,
    "pct3ResTime" : 3680.99,
    "throughput" : 268.6727565824825,
    "receivedKBytesPerSec" : 308.81624462654486,
    "sentKBytesPerSec" : 128.30173629768942
  }
}