{
  "เพิ่มทะเบียนบุคคลด้วย Excel" : {
    "transaction" : "เพิ่มทะเบียนบุคคลด้วย Excel",
    "sampleCount" : 1000,
    "errorCount" : 0,
    "errorPct" : 0.0,
    "meanResTime" : 4809.167000000007,
    "medianResTime" : 4810.5,
    "minResTime" : 1035.0,
    "maxResTime" : 6125.0,
    "pct1ResTime" : 5937.7,
    "pct2ResTime" : 6011.95,
    "pct3ResTime" : 6096.99,
    "throughput" : 163.18537859007833,
    "receivedKBytesPerSec" : 110.27761912532637,
    "sentKBytesPerSec" : 68798.30653735925
  },
  "Total" : {
    "transaction" : "Total",
    "sampleCount" : 1000,
    "errorCount" : 0,
    "errorPct" : 0.0,
    "meanResTime" : 4809.167000000007,
    "medianResTime" : 4810.5,
    "minResTime" : 1035.0,
    "maxResTime" : 6125.0,
    "pct1ResTime" : 5937.7,
    "pct2ResTime" : 6011.95,
    "pct3ResTime" : 6096.99,
    "throughput" : 163.18537859007833,
    "receivedKBytesPerSec" : 110.27761912532637,
    "sentKBytesPerSec" : 68798.30653735925
  }
}