{
  "ดึงข้อมูล Visit รายบุคคล" : {
    "transaction" : "ดึงข้อมูล Visit รายบุคคล",
    "sampleCount" : 2500,
    "errorCount" : 0,
    "errorPct" : 0.0,
    "meanResTime" : 3985.3016000000043,
    "medianResTime" : 4108.0,
    "minResTime" : 527.0,
    "maxResTime" : 6615.0,
    "pct1ResTime" : 5581.9,
    "pct2ResTime" : 5959.749999999999,
    "pct3ResTime" : 6510.919999999998,
    "throughput" : 375.03750375037504,
    "receivedKBytesPerSec" : 430.7071332133213,
    "sentKBytesPerSec" : 179.0950579432943
  },
  "Total" : {
    "transaction" : "Total",
    "sampleCount" : 2500,
    "errorCount" : 0,
    "errorPct" : 0.0,
    "meanResTime" : 3985.3016000000043,
    "medianResTime" : 4108.0,
    "minResTime" : 527.0,
    "maxResTime" : 6615.0,
    "pct1ResTime" : 5581.9,
    "pct2ResTime" : 5959.749999999999,
    "pct3ResTime" : 6510.919999999998,
    "throughput" : 375.03750375037504,
    "receivedKBytesPerSec" : 430.7071332133213,
    "sentKBytesPerSec" : 179.0950579432943
  }
}