{
  "ดึงข้อมูลผลประเมินสุขภาพ" : {
    "transaction" : "ดึงข้อมูลผลประเมินสุขภาพ",
    "sampleCount" : 1875,
    "errorCount" : 0,
    "errorPct" : 0.0,
    "meanResTime" : 4437.680533333328,
    "medianResTime" : 4590.0,
    "minResTime" : 606.0,
    "maxResTime" : 7166.0,
    "pct1ResTime" : 6536.4,
    "pct2ResTime" : 6780.5999999999985,
    "pct3ResTime" : 7032.96,
    "throughput" : 260.8151342328557,
    "receivedKBytesPerSec" : 181.60272530080678,
    "sentKBytesPerSec" : 125.82292608499095
  },
  "Total" : {
    "transaction" : "Total",
    "sampleCount" : 1875,
    "errorCount" : 0,
    "errorPct" : 0.0,
    "meanResTime" : 4437.680533333328,
    "medianResTime" : 4590.0,
    "minResTime" : 606.0,
    "maxResTime" : 7166.0,
    "pct1ResTime" : 6536.4,
    "pct2ResTime" : 6780.5999999999985,
    "pct3ResTime" : 7032.96,
    "throughput" : 260.8151342328557,
    "receivedKBytesPerSec" : 181.60272530080678,
    "sentKBytesPerSec" : 125.82292608499095
  }
}