{
  "Total" : {
    "transaction" : "Total",
    "sampleCount" : 2500,
    "errorCount" : 0,
    "errorPct" : 0.0,
    "meanResTime" : 5769.161600000001,
    "medianResTime" : 6350.0,
    "minResTime" : 1864.0,
    "maxResTime" : 8863.0,
    "pct1ResTime" : 7672.300000000001,
    "pct2ResTime" : 8170.95,
    "pct3ResTime" : 8496.99,
    "throughput" : 280.48917311791763,
    "receivedKBytesPerSec" : 1622.1258625042074,
    "sentKBytesPerSec" : 124.9053349040727
  },
  "ดึงข้อมูลการส่งตัวภายในระบบ NCDs" : {
    "transaction" : "ดึงข้อมูลการส่งตัวภายในระบบ NCDs",
    "sampleCount" : 2500,
    "errorCount" : 0,
    "errorPct" : 0.0,
    "meanResTime" : 5769.161600000001,
    "medianResTime" : 6350.0,
    "minResTime" : 1864.0,
    "maxResTime" : 8863.0,
    "pct1ResTime" : 7672.300000000001,
    "pct2ResTime" : 8170.95,
    "pct3ResTime" : 8496.99,
    "throughput" : 280.48917311791763,
    "receivedKBytesPerSec" : 1622.1258625042074,
    "sentKBytesPerSec" : 124.9053349040727
  }
}