{
  "Total" : {
    "transaction" : "Total",
    "sampleCount" : 2500,
    "errorCount" : 0,
    "errorPct" : 0.0,
    "meanResTime" : 6109.47880000001,
    "medianResTime" : 6191.0,
    "minResTime" : 1733.0,
    "maxResTime" : 10529.0,
    "pct1ResTime" : 8980.8,
    "pct2ResTime" : 9895.0,
    "pct3ResTime" : 10208.97,
    "throughput" : 236.00490890210514,
    "receivedKBytesPerSec" : 1364.864326677995,
    "sentKBytesPerSec" : 105.09593599546871
  },
  "ดึงข้อมูลการส่งตัวภายในระบบ NCDs" : {
    "transaction" : "ดึงข้อมูลการส่งตัวภายในระบบ NCDs",
    "sampleCount" : 2500,
    "errorCount" : 0,
    "errorPct" : 0.0,
    "meanResTime" : 6109.47880000001,
    "medianResTime" : 6191.0,
    "minResTime" : 1733.0,
    "maxResTime" : 10529.0,
    "pct1ResTime" : 8980.8,
    "pct2ResTime" : 9895.0,
    "pct3ResTime" : 10208.97,
    "throughput" : 236.00490890210514,
    "receivedKBytesPerSec" : 1364.864326677995,
    "sentKBytesPerSec" : 105.09593599546871
  }
}