{
  "เพิ่มทะเบียนบุคคลด้วย Excel" : {
    "transaction" : "เพิ่มทะเบียนบุคคลด้วย Excel",
    "sampleCount" : 1000,
    "errorCount" : 0,
    "errorPct" : 0.0,
    "meanResTime" : 17111.53000000001,
    "medianResTime" : 19886.0,
    "minResTime" : 1388.0,
    "maxResTime" : 23071.0,
    "pct1ResTime" : 20718.6,
    "pct2ResTime" : 20837.95,
    "pct3ResTime" : 21081.93,
    "throughput" : 43.16857327865314,
    "receivedKBytesPerSec" : 29.046041981437515,
    "sentKBytesPerSec" : 18167.29440966976
  },
  "Total" : {
    "transaction" : "Total",
    "sampleCount" : 1000,
    "errorCount" : 0,
    "errorPct" : 0.0,
    "meanResTime" : 17111.53000000001,
    "medianResTime" : 19886.0,
    "minResTime" : 1388.0,
    "maxResTime" : 23071.0,
    "pct1ResTime" : 20718.6,
    "pct2ResTime" : 20837.95,
    "pct3ResTime" : 21081.93,
    "throughput" : 43.16857327865314,
    "receivedKBytesPerSec" : 29.046041981437515,
    "sentKBytesPerSec" : 18167.29440966976
  }
}