{
  "Total" : {
    "transaction" : "Total",
    "sampleCount" : 625,
    "errorCount" : 0,
    "errorPct" : 0.0,
    "meanResTime" : 977.5264000000006,
    "medianResTime" : 895.0,
    "minResTime" : 37.0,
    "maxResTime" : 2413.0,
    "pct1ResTime" : 2111.0,
    "pct2ResTime" : 2212.7,
    "pct3ResTime" : 2324.2200000000003,
    "throughput" : 243.95003903200623,
    "receivedKBytesPerSec" : 1410.8126280737706,
    "sentKBytesPerSec" : 108.63400175644028
  },
  "ดึงข้อมูลการส่งตัวภายในระบบ NCDs" : {
    "transaction" : "ดึงข้อมูลการส่งตัวภายในระบบ NCDs",
    "sampleCount" : 625,
    "errorCount" : 0,
    "errorPct" : 0.0,
    "meanResTime" : 977.5264000000006,
    "medianResTime" : 895.0,
    "minResTime" : 37.0,
    "maxResTime" : 2413.0,
    "pct1ResTime" : 2111.0,
    "pct2ResTime" : 2212.7,
    "pct3ResTime" : 2324.2200000000003,
    "throughput" : 243.95003903200623,
    "receivedKBytesPerSec" : 1410.8126280737706,
    "sentKBytesPerSec" : 108.63400175644028
  }
}