{
  "ดึงข้อมูล Visit รายบุคคล" : {
    "transaction" : "ดึงข้อมูล Visit รายบุคคล",
    "sampleCount" : 2500,
    "errorCount" : 0,
    "errorPct" : 0.0,
    "meanResTime" : 4181.2855999999965,
    "medianResTime" : 4531.0,
    "minResTime" : 39.0,
    "maxResTime" : 6633.0,
    "pct1ResTime" : 6525.9,
    "pct2ResTime" : 6577.0,
    "pct3ResTime" : 6617.99,
    "throughput" : 376.2793497892836,
    "receivedKBytesPerSec" : 432.13331577363033,
    "sentKBytesPerSec" : 179.68808793648404
  },
  "Total" : {
    "transaction" : "Total",
    "sampleCount" : 2500,
    "errorCount" : 0,
    "errorPct" : 0.0,
    "meanResTime" : 4181.2855999999965,
    "medianResTime" : 4531.0,
    "minResTime" : 39.0,
    "maxResTime" : 6633.0,
    "pct1ResTime" : 6525.9,
    "pct2ResTime" : 6577.0,
    "pct3ResTime" : 6617.99,
    "throughput" : 376.2793497892836,
    "receivedKBytesPerSec" : 432.13331577363033,
    "sentKBytesPerSec" : 179.68808793648404
  }
}