{
  "Total" : {
    "transaction" : "Total",
    "sampleCount" : 2500,
    "errorCount" : 0,
    "errorPct" : 0.0,
    "meanResTime" : 4518.225600000005,
    "medianResTime" : 4907.5,
    "minResTime" : 542.0,
    "maxResTime" : 7058.0,
    "pct1ResTime" : 6341.8,
    "pct2ResTime" : 6676.849999999999,
    "pct3ResTime" : 6965.9299999999985,
    "throughput" : 352.01351731906504,
    "receivedKBytesPerSec" : 1579.93566952971,
    "sentKBytesPerSec" : 173.60041625598421
  },
  "Dashboard แสดงภาพรวมสุขภาพแต่ละแบบประเมิน" : {
    "transaction" : "Dashboard แสดงภาพรวมสุขภาพแต่ละแบบประเมิน",
    "sampleCount" : 2500,
    "errorCount" : 0,
    "errorPct" : 0.0,
    "meanResTime" : 4518.225600000005,
    "medianResTime" : 4907.5,
    "minResTime" : 542.0,
    "maxResTime" : 7058.0,
    "pct1ResTime" : 6341.8,
    "pct2ResTime" : 6676.849999999999,
    "pct3ResTime" : 6965.9299999999985,
    "throughput" : 352.01351731906504,
    "receivedKBytesPerSec" : 1579.93566952971,
    "sentKBytesPerSec" : 173.60041625598421
  }
}